Category,Services
Cleaning Services,Home Deep Cleaning,Carpet Cleaning,Sofa & Upholstery Cleaning,Bathroom Cleaning,Kitchen Cleaning,Car Cleaning & Detailing,Window & Glass Cleaning,Mattress & Curtain Cleaning,Marble/Granite Polishing
Electrical Services,General Electrical Repairs,Ceiling Fan Installation,Lighting & Wiring Work,Inverter & Battery Repair,Switch & Socket Repair,UPS Installation & Repair,Home Automation Wiring,Geyser Installation & Repair
Plumbing Services,Leakage & Blockage Fixing,Tap & Shower Installation,Water Tank Cleaning,Toilet & Drain Repair,Pipe Installation & Replacement,Water Heater Installation,Septic Tank Cleaning
Appliance Repair,AC Servicing & Repair,Refrigerator Repair,Washing Machine Repair,Microwave Oven Repair,Water Purifier Service,Chimney & Hob Repair,TV & Home Theater Repair,Dishwasher Repair
Carpentry Services,Furniture Repair,Custom Furniture Making,Door & Window Repair,Modular Kitchen Work,Wood Polishing,Fitted Wardrobe Installation
Painting Services,Interior House Painting,Exterior House Painting,Wall Textures & Designs,Furniture Polishing,Waterproof Coating,Metal & Grill Painting,Wallpaper Installation
Pest Control Services,General Pest Control,Termite Control,Bed Bug Treatment,Rodent Control,Cockroach Control,Mosquito Fogging
Home Security Services,CCTV Installation,Smart Lock Installation,Alarm System Setup,Doorbell Camera Installation,Security Guard Services,Intercom Installation,Automatic Gate Installation
Beauty & Wellness,Salon Services at Home,Spa & Massage at Home,Makeup & Hairstyling,Manicure & Pedicure,Hair & Skincare Treatments,Bridal & Party Makeup,Men's Grooming Services
Fitness & Yoga,Personal Fitness Trainer,Yoga Instructor at Home,Zumba & Dance Instructor,Diet & Nutrition Consultation,Meditation Sessions,Physiotherapy at Home
Home Shifting & Moving,House Shifting,Furniture Moving,Vehicle Transport,Packers & Movers,Storage Services,Office Relocation
Home Automation,Smart Home Device Installation,Home Theater Setup,WiFi & Networking Solutions,Smart Lighting Setup,Alexa/Google Home Setup,Motorized Curtain Installation
Gardening & Landscaping,Home Garden Setup,Lawn Maintenance,Vertical Garden Installation,Tree & Plant Care,Drip Irrigation Installation,Outdoor Patio Design
Pet Care,Pet Grooming at Home,Pet Training Services,Pet Walking Services,Pet Sitting & Boarding,Pet Health Checkup
Laundry & Dry Cleaning,Clothes Ironing,Dry Cleaning Services,Home Pickup Laundry,Shoe Cleaning & Polishing,Curtain & Carpet Cleaning
Event Services,Wedding & Party Planning,Event Photography & Videography,Live Music & Entertainment,Decorations & Catering,DJ & Sound Setup
Cooking & Meal Prep,Personal Chef Services,Meal Prepping & Diet Plans,Home Baking Services,Traditional & Regional Cooks,Tiffin Services
Tutoring & Coaching,Home Tuition,Online Classes,Music Lessons,Language Coaching,Competitive Exam Coaching,Dance & Art Classes
Elder Care,Elderly Companionship Services,Home Nursing Care,Physiotherapy at Home,Medical Equipment Rental,Assisted Living Services,Daily Living Assistance
Driver Services,On-Demand Driver,Outstation Driver Service,Hourly Car Driver,Valet Parking Services,Chauffeur Services
Handyman Services,TV & AC Mounting,Furniture Assembly,Door Lock Repair,Mirror & Frame Hanging,General Repair Services
